source_api	duckdb_api	adaptation
stride_backend;stride_available_backends	stride_detect_best_backend;stride_available_backends	A DuckDB package has one compile-time backend and reports that profile directly.
stride_levenshtein;stride_levenshtein_similarity;stride_osa;stride_osa_similarity;stride_true_damerau_levenshtein;stride_true_damerau_levenshtein_similarity;stride_indel;stride_indel_similarity;stride_hamming;stride_hamming_similarity;stride_jaro;stride_jaro_winkler	stride_levenshtein;stride_levenshtein_similarity;stride_osa;stride_osa_similarity;stride_true_damerau_levenshtein;stride_true_damerau_levenshtein_similarity;stride_indel;stride_indel_similarity;stride_hamming;stride_hamming_similarity;stride_jaro;stride_jaro_winkler	The original low-level R scorer names are also first-class SQL functions.
stride_smith_waterman;stride_needleman_wunsch;stride_smith_waterman_affine;stride_needleman_wunsch_affine	stride_smith_waterman;stride_needleman_wunsch;stride_smith_waterman_affine;stride_needleman_wunsch_affine	The original low-level linear and affine alignment names are also SQL functions.
AlignmentPath;AlignmentResult	stride_smith_waterman_path;stride_needleman_wunsch_path	SQL STRUCT values carry path metadata and aligned strings.
Scores	stride_smith_waterman_scores;stride_needleman_wunsch_scores;stride_smith_waterman_farrar_scores	SQL list functions are the stateless form of the prepared Python facade.
LevenshteinScorer	stride_levenshtein_score;stride_levenshtein_scores	SQL scalar and one-to-many functions are the stateless form of the prepared Python scorer.
Scorer	stride_scores;stride_extract;stride_cdist	Scorer enum values become canonical scorer names or numeric strings.
BackendKind;BackendRecord;available_backends;backend_is_available;detect_best_backend	stride_available_backends;stride_backend_is_available;stride_detect_best_backend	Each DuckDB artifact has one compile-time CPU profile.
levenshtein_score;levenshtein_normalized_score	stride_levenshtein_score;stride_levenshtein_normalized_score	Scalar scores include native cutoff overloads.
damerau_levenshtein_score;damerau_levenshtein_normalized_score	stride_damerau_levenshtein_score;stride_damerau_levenshtein_normalized_score	Direct scalar SQL functions.
true_damerau_levenshtein_score;true_damerau_levenshtein_normalized_score	stride_true_damerau_levenshtein_score;stride_true_damerau_levenshtein_normalized_score	Direct scalar SQL functions.
indel_score;indel_normalized_score	stride_indel_score;stride_indel_normalized_score	Scalar scores include native cutoff overloads.
hamming_score;hamming_normalized_score	stride_hamming_score;stride_hamming_normalized_score	Direct scalar SQL functions.
jaro_similarity;jaro_winkler_similarity	stride_jaro_similarity;stride_jaro_winkler_similarity	Jaro-Winkler exposes all prefix options.
smith_waterman_score;smith_waterman_normalized_score;smith_waterman_farrar_score;smith_waterman_farrar_normalized_score	stride_smith_waterman_score;stride_smith_waterman_normalized_score;stride_smith_waterman_farrar_score;stride_smith_waterman_farrar_normalized_score	Linear and affine score overloads are native SQL functions.
needleman_wunsch_score;needleman_wunsch_normalized_score	stride_needleman_wunsch_score;stride_needleman_wunsch_normalized_score	Linear and affine score overloads are native SQL functions.
levenshtein_scores;levenshtein_normalized_scores	stride_levenshtein_scores;stride_levenshtein_normalized_scores	Native one-to-many list functions with cutoff overloads.
damerau_levenshtein_scores;damerau_levenshtein_normalized_scores	stride_damerau_levenshtein_scores;stride_damerau_levenshtein_normalized_scores	Native one-to-many list functions.
true_damerau_levenshtein_scores;true_damerau_levenshtein_normalized_scores	stride_true_damerau_levenshtein_scores;stride_true_damerau_levenshtein_normalized_scores	Native one-to-many list functions.
indel_scores;indel_normalized_scores	stride_indel_scores;stride_indel_normalized_scores	Native one-to-many list functions with cutoff overloads.
hamming_scores;hamming_normalized_scores	stride_hamming_scores;stride_hamming_normalized_scores	Native one-to-many list functions.
jaro_similarities;jaro_winkler_similarities	stride_jaro_similarities;stride_jaro_winkler_similarities	Native one-to-many list functions with Jaro-Winkler options.
smith_waterman_scores;smith_waterman_normalized_scores;smith_waterman_farrar_scores;smith_waterman_farrar_normalized_scores	stride_smith_waterman_scores;stride_smith_waterman_normalized_scores;stride_smith_waterman_farrar_scores;stride_smith_waterman_farrar_normalized_scores	Native one-to-many linear and affine alignment functions.
needleman_wunsch_scores;needleman_wunsch_normalized_scores	stride_needleman_wunsch_scores;stride_needleman_wunsch_normalized_scores	Native one-to-many linear and affine alignment functions.
levenshtein_top_k;levenshtein_best;levenshtein_normalized_top_k;levenshtein_normalized_best	stride_levenshtein_top_k;stride_levenshtein_best;stride_levenshtein_normalized_top_k;stride_levenshtein_normalized_best	Bounded native ranking functions.
damerau_levenshtein_top_k;damerau_levenshtein_best;damerau_levenshtein_normalized_top_k;damerau_levenshtein_normalized_best	stride_damerau_levenshtein_top_k;stride_damerau_levenshtein_best;stride_damerau_levenshtein_normalized_top_k;stride_damerau_levenshtein_normalized_best	Bounded native ranking functions.
true_damerau_levenshtein_top_k;true_damerau_levenshtein_best;true_damerau_levenshtein_normalized_top_k;true_damerau_levenshtein_normalized_best	stride_true_damerau_levenshtein_top_k;stride_true_damerau_levenshtein_best;stride_true_damerau_levenshtein_normalized_top_k;stride_true_damerau_levenshtein_normalized_best	Bounded native ranking functions.
indel_top_k;indel_best;indel_normalized_top_k;indel_normalized_best	stride_indel_top_k;stride_indel_best;stride_indel_normalized_top_k;stride_indel_normalized_best	Bounded native ranking functions.
hamming_top_k;hamming_best;hamming_normalized_top_k;hamming_normalized_best	stride_hamming_top_k;stride_hamming_best;stride_hamming_normalized_top_k;stride_hamming_normalized_best	Bounded native ranking functions.
jaro_top_k;jaro_best;jaro_winkler_top_k;jaro_winkler_best	stride_jaro_top_k;stride_jaro_best;stride_jaro_winkler_top_k;stride_jaro_winkler_best	Bounded native ranking functions with Jaro-Winkler options.
smith_waterman_top_k;smith_waterman_best	stride_smith_waterman_top_k;stride_smith_waterman_best	Bounded native ranking with linear and affine options.
extract;extract_best	stride_extract;stride_extract_best	Dynamic scorer names replace Python callable or enum objects.
cdist;cdist_above_threshold;cdist_top_k;cdist_top_k_per_query	stride_cdist;stride_cdist_above_threshold;stride_cdist_top_k;stride_cdist_top_k_per_query	Native all-pairs, filtered, global bounded, and per-query bounded operations.
lcs_length;lcs_substring_length;lcs_substring	stride_lcs_length;stride_lcs_substring_length;stride_lcs_substring	Direct scalar SQL functions.
jaccard;jaccard_similarities;dice;dice_similarities;cosine;cosine_similarities;overlap;overlap_similarities	stride_jaccard;stride_jaccard_similarities;stride_dice;stride_dice_similarities;stride_cosine;stride_cosine_similarities;stride_overlap;stride_overlap_similarities	Scalar and one-to-many n-gram functions.
ratcliff_obershelp_similarity;ratcliff_obershelp_similarities	stride_ratcliff_obershelp_similarity;stride_ratcliff_obershelp_similarities	Scalar and one-to-many functions.
partial_ratio;token_sort_ratio;token_set_ratio;partial_token_sort_ratio;partial_token_set_ratio;WRatio	stride_partial_ratio;stride_partial_ratios;stride_token_sort_ratio;stride_token_sort_ratios;stride_token_set_ratio;stride_token_set_ratios;stride_partial_token_sort_ratio;stride_partial_token_sort_ratios;stride_partial_token_set_ratio;stride_partial_token_set_ratios;stride_wratio;stride_wratios	Native scalar and one-to-many functions.
monge_elkan	stride_monge_elkan	Named inner scorers and symmetric mode are SQL arguments; host callbacks are not applicable.
soundex;soundex_equal;metaphone;metaphone_equal;nysiis;nysiis_equal;match_rating_codex;match_rating_compare;caverphone;cologne_phonetic;daitch_mokotoff;double_metaphone;beider_morse	stride_soundex;stride_soundex_equal;stride_metaphone;stride_metaphone_equal;stride_nysiis;stride_nysiis_equal;stride_match_rating_codex;stride_match_rating_compare;stride_caverphone;stride_cologne_phonetic;stride_daitch_mokotoff;stride_double_metaphone;stride_beider_morse	All native phonetic families and options are SQL functions.
MetaphoneVariant;DoubleMetaphoneVariant;BmpmRuleType	stride_metaphone;stride_double_metaphone;stride_beider_morse	Python enums become documented integer SQL arguments.
dtw;dtw_distances	stride_dtw;stride_dtw_distances	DOUBLE and SMALLINT scalar/vector overloads include window, distance, and cutoff.
smith_waterman_path;smith_waterman_path_info;smith_waterman_cigar;smith_waterman_trace_cigar;smith_waterman_trade_cigar	stride_smith_waterman_path;stride_smith_waterman_path_info;stride_smith_waterman_cigar;stride_smith_waterman_trace_cigar;stride_smith_waterman_trade_cigar	Linear and affine path and CIGAR functions.
needleman_wunsch_path;needleman_wunsch_path_info;needleman_wunsch_cigar;needleman_wunsch_trace_cigar;needleman_wunsch_trade_cigar	stride_needleman_wunsch_path;stride_needleman_wunsch_path_info;stride_needleman_wunsch_cigar;stride_needleman_wunsch_trace_cigar;stride_needleman_wunsch_trade_cigar	Linear and affine path and CIGAR functions.
SubstitutionMatrix;substitution_matrix_encode;substitution_matrix_score;substitution_matrix_score_step_limit;substitution_matrix_transpose;substitution_matrix_from_ncbi_text;identity_matrix;ascii_matrix	stride_substitution_matrix;stride_matrix_encode;stride_substitution_matrix_score;stride_matrix_score_step_limit;stride_matrix_transpose;stride_matrix_from_ncbi_text;stride_identity_matrix;stride_ascii_matrix	Substitution matrices are typed SQL STRUCT values or built-in names.
keyboard;keyboard_from_confusion_counts;keyboard_from_npy;keyboard_available	stride_keyboard_from_confusion_counts;stride_keyboard_from_npy;stride_keyboard_available	Keyboard matrices use typed SQL matrix values; built-ins are accepted by name.
blosum30;blosum35;blosum40;blosum45;blosum50;blosum55;blosum60;blosum62;blosum65;blosum70;blosum75;blosum80;blosum85;blosum90;blosum100;pam10;pam20;pam30;pam40;pam50;pam60;pam70;pam80;pam90;pam100;pam110;pam120;pam130;pam140;pam150;pam160;pam170;pam180;pam190;pam200;pam210;pam220;pam230;pam240;pam250;pam260;pam270;pam280;pam290;pam300;pam310;pam320;pam330;pam340;pam350;pam360;pam370;pam380;pam390;pam400;pam410;pam420;pam430;pam440;pam450;pam460;pam470;pam480;pam490;pam500;nuc44;dna_match;ascii_text	stride_matrix_available;stride_smith_waterman_matrix_score;stride_needleman_wunsch_matrix_score	Built-in matrix objects become catalog names accepted by every matrix function.
